{"cameraMode":{"drawMode":0,"name":"Shaded","section":"Shading Mode"},"sceneLighting":true,"audioPlay":false,"sceneViewState":{"m_AlwaysRefresh":false,"showFog":true,"showSkybox":true,"showFlares":true,"showImageEffects":true,"showParticleSystems":true,"showVisualEffectGraphs":true,"m_FxEnabled":true},"in2DMode":false,"pivot":{"x":-0.6559185981750488,"y":-4.2051520347595219,"z":1.426650047302246},"rotation":{"x":0.05092417821288109,"y":-0.045822832733392718,"z":0.0023391474969685079,"w":0.9976506233215332},"size":6.174680233001709,"orthographic":true}