{"cameraMode":{"drawMode":0,"name":"Shaded","section":"Shading Mode"},"sceneLighting":true,"audioPlay":false,"sceneViewState":{"m_AlwaysRefresh":false,"showFog":true,"showSkybox":true,"showFlares":true,"showImageEffects":true,"showParticleSystems":true,"showVisualEffectGraphs":true,"m_FxEnabled":true},"in2DMode":false,"pivot":{"x":-0.2980993986129761,"y":1.0670098066329957,"z":-3.182861089706421},"rotation":{"x":0.06944804638624191,"y":0.6471401453018189,"z":-0.05937916412949562,"w":0.7568758726119995},"size":5.310230255126953,"orthographic":true}